{"cameraMode":{"drawMode":0,"name":"Shaded","section":"Shading Mode"},"sceneLighting":true,"audioPlay":false,"sceneViewState":{"showFog":true,"showMaterialUpdate":false,"showSkybox":true,"showFlares":true,"showImageEffects":true,"showParticleSystems":true},"in2DMode":false,"pivot":{"x":7472.36328125,"y":-781.9169921875,"z":3782.841552734375},"rotation":{"x":0.15099109709262849,"y":-0.8277857303619385,"z":0.26561933755874636,"w":0.47055545449256899},"size":1657.6627197265625,"orthographic":false}